Contact Form 7,https://wordpress.org/plugins/contact-form-7/,1980
Yoast SEO,https://wordpress.org/plugins/wordpress-seo/,27528
Elementor Website Builder,https://wordpress.org/plugins/elementor/,6375
Classic Editor,https://wordpress.org/plugins/classic-editor/,1092
Contact Form 7,https://wordpress.org/plugins/contact-form-7/,1980
Yoast SEO,https://wordpress.org/plugins/wordpress-seo/,27530
Elementor Website Builder,https://wordpress.org/plugins/elementor/,6376
Classic Editor,https://wordpress.org/plugins/classic-editor/,1093
Contact Form 7,https://wordpress.org/plugins/contact-form-7/,1981
Yoast SEO,https://wordpress.org/plugins/wordpress-seo/,27530
Elementor Website Builder,https://wordpress.org/plugins/elementor/,6379
Classic Editor,https://wordpress.org/plugins/classic-editor/,1094
Contact Form 7,https://wordpress.org/plugins/contact-form-7/,1988
Yoast SEO,https://wordpress.org/plugins/wordpress-seo/,27530
Elementor Website Builder,https://wordpress.org/plugins/elementor/,6382
Classic Editor,https://wordpress.org/plugins/classic-editor/,1095
Contact Form 7,https://wordpress.org/plugins/contact-form-7/,1988
Yoast SEO,https://wordpress.org/plugins/wordpress-seo/,27530
Elementor Website Builder,https://wordpress.org/plugins/elementor/,6382
Classic Editor,https://wordpress.org/plugins/classic-editor/,1095
Contact Form 7,https://wordpress.org/plugins/contact-form-7/,1992
Yoast SEO,https://wordpress.org/plugins/wordpress-seo/,27531
Elementor Website Builder,https://wordpress.org/plugins/elementor/,6383
Classic Editor,https://wordpress.org/plugins/classic-editor/,1095
